lng,lat
-122.43022778199997,37.770301397000026
-122.39444325399995,37.795990060000065
-122.44273024299997,37.79059303200006
-122.41272222399999,37.74932800800008
-122.38802031499995,37.78770410000004
-122.39744536699999,37.77648224100005
-122.38846243799998,37.781871866000074
-122.407499041,37.79807401700003
-122.42922401199996,37.75987500200006
-122.40571562099996,37.80556136400003
-122.43317932699995,37.72384817900007
-122.42339096099994,37.765084984000055
-122.38800839299995,37.76588110100005
-122.39193431299998,37.78202327400004
-122.43489596199998,37.78907499600007
-122.23008653899996,38.11081169000005
-122.38800934899996,37.765891027000066
-122.41903650299997,37.75912933500007
-122.33317972499998,37.578434850000065
-122.39751492699997,37.77763949600006
-122.39255042299999,37.78444843300008
-122.41314400099998,37.74737201100004
-122.43077829399999,37.722688332000075
-122.42701496099994,37.80364701900004
-122.44014303299997,37.77492802000006
-122.39075749699998,37.76282756900008
-122.46315001599999,37.78325401600006
-122.45608097099995,37.76417999000006
-122.409977675,37.711195315000055
-122.39354678999996,37.77832205200008
-122.44823198899996,37.76073599100005
-122.41442903099994,37.785820010000066
-122.42286198,37.770568006000076
-122.46958976399998,37.77997014600004
-122.39455417499994,37.79611419300005
-122.40255698699997,37.72580399100008
-122.43181100199996,37.77137199800006
-122.41791541099997,37.790999914000054
-122.38886020499996,37.78181957600003
-122.42299701199994,37.75056798800006
-122.43560139199997,37.76491328100008
-122.39877571099998,37.77892875500004
-122.38794946099995,37.76407848900004
-122.43532796499994,37.76050201000004
-122.41510795499994,37.80822893000004
-122.43299100699994,37.77152999700007
-122.44235803499998,37.74886998200003
-122.39454512099996,37.796105140000066
-122.40364001199998,37.77249198800007
-122.39454124099996,37.79610126000006
-122.39699214799998,37.77684093600004
-122.47726172699998,37.77985306000005
-122.38863312699999,37.781716395000046
-122.48210895899996,37.77599801200006
-122.39653892899997,37.77719963100003
-122.39751956299995,37.77746906300007
-122.39101539099994,37.78492463300006
-122.39444141199999,37.79598780900005
-122.42789899999997,37.77216798500007
-122.49903333199995,37.717783336000025
-122.48941596699996,37.78216101600003
-122.42898001399999,37.80145402000005
-122.39352800099999,37.78102099300003
-122.39644096299997,37.780417999000065
-122.46603095999996,37.78646902100007
-122.388036307,37.76494159300006
-122.47646119699999,37.74480567300003
-122.39854712399995,37.77910836500007
-122.46428037499999,37.78097573600007
-122.38697301699995,37.73144400600006
-122.41015501399994,37.789771994000034
-122.41242097799994,37.770932996000056
-122.39008662399999,37.77191630100003
-122.42996597799998,37.77101698200005
-122.43191099799998,37.72097601400003
-122.41980135899996,37.757045592000054
-122.39162200899995,37.791921143000025
-122.48640996499995,37.78593601600005
-122.44813199299995,37.70943899500003
-122.40703602399998,37.778558013000065
-122.41326554099999,37.808446710000055
-122.40260379299997,37.78743341300003
-122.481546031,37.776014985000074
-122.41635999999994,37.776740000000075
-122.39301997299998,37.78042897900008
-122.48640996499995,37.78593601600005
-122.39722457799996,37.79848005100007
-122.23008309499994,38.110826332000045
-122.39840938399999,37.77676377800003
-122.43328061999995,37.77167181000004
-122.41157996299995,37.808425681000074
-122.40805341099997,37.71646545200008
-122.434525985,37.75967299800004
-122.41635999999994,37.776740000000075
-122.41635999999994,37.776740000000075
-122.41635999999994,37.776740000000075
-122.42556457199998,37.80623536300004
-122.42556457199998,37.80623536300004
-122.43047400499995,37.76963300400007
-122.42556457199998,37.80623536300004
-122.463237575,37.78125888200003
-122.23007965199997,38.11084097300005
-122.42556457199998,37.80623536300004
-122.39270179999994,37.781401637000045
-122.42556457199998,37.80623536300004
-122.39442503199996,37.77967498500004
-122.39955365299994,37.77830772100003
-122.39467497999999,37.78008398000003
-122.43747437099995,37.727528230000075
-122.43743299599998,37.788752000000045
-122.38805897599997,37.76374999800004
-122.39502962099999,37.79660219300007
-122.39826152999996,37.77688063000005
-122.42133395899998,37.762036988000034
-122.46038901699995,37.72161299700008
-122.41902801299995,37.756482008000035
-122.39486605899998,37.79643613600007
-122.43489596199998,37.78907499600007
-122.481781695,37.75204889100007
-122.39764577399995,37.79894759100006
-122.42584400899995,37.76174898600004
-122.42482803899998,37.75274200300004
-122.394452463,37.79600131400008
-122.41394296399994,37.78405398500007
-122.47726172699998,37.77985306000005
-122.49330097899997,37.77506498100007
-122.39501784799995,37.796590028000026
-122.42584400899995,37.76174898600004
-122.43710300099997,37.76755399900003
-122.41414303999994,37.75692398600006
-122.39689501099997,37.73174701200003
-122.42473801699998,37.79778500900005
-122.44350347599999,37.78273121400008
-122.39763598899998,37.798936629000025
-122.41587297199999,37.70974036500007
-122.39456452199994,37.79612454000005
-122.44776895199999,37.709103035000055
-122.39129217499999,37.79234601600007
-122.43068698899998,37.76960899000005
-122.42299298899997,37.75969101900006
-122.39455546799996,37.796115487000066
-122.42921898299994,37.80026898600005
-122.46679597599996,37.751401988000055
-122.49697602499998,37.73692698600007
-122.47731204799999,37.78057653600007
-122.42340303099996,37.74081501500007
-122.42315754399999,37.740601379000054
-122.46077399799998,37.713865017000046
-122.44663003899996,37.71106298900003
-122.42490196699998,37.78973201200006
-122.399950908,37.77436022100005
-122.39456199199998,37.75907101000007
-122.38957386699997,37.78373035300007
-122.44350347599999,37.78273121400008
-122.38850876699996,37.78925818500005
-122.39732770699999,37.79859722500004
-122.38887719699994,37.78167093900004
-122.42376001699995,37.728201005000074
-122.40280601299997,37.77029002000006
-122.43294096699998,37.75958901200005
-122.40579927099998,37.806846335000046
-122.42496600499999,37.762928991000024
-122.64427022499996,38.21679616900008
-122.38804321899994,37.78731611500007
-122.38842120699996,37.78913317400003
-122.50399695799996,37.73757700200008
-122.40483401499995,37.79547998600003
-122.40579008499998,37.80555260700004
-122.442439004,37.80222699900003
-122.43818602599998,37.79649700400006
-122.43618635399997,37.75927762300006
-122.41214597099997,37.75483346300007
-122.47895954399996,37.757794930000045
-122.42502601899997,37.789716002000034
-122.42817903999997,37.80160900100003
-122.38854688899994,37.78931016200005
-122.33343492599994,37.57809273400005
-122.39944628499995,37.801001522000035
-122.46045999999996,37.76276000000007
-122.42810200999998,37.77227301000005
-122.42556457199998,37.80623536300004
-122.40051186099998,37.80050242800007
-122.39383314899999,37.795289076000074
-122.39444693799999,37.79599456200003
-122.42784707499999,37.75657158300004
-122.40551704999996,37.805584717000045
-122.39444693799999,37.79599456200003
-122.39195396299999,37.78241301800006
-122.40885296899995,37.79267598800004
-122.40062015199999,37.80063405100003
-122.40375942599997,37.80503224900008
-122.38937510699998,37.78027678500007
-122.38955900199994,37.784118987000056
-122.40556649899997,37.80572434000004
-122.43369097899995,37.76447100900003
-122.41859299199996,37.75754801800008
-122.44321902399997,37.71739501400003
-122.40667400999996,37.718561984000075
-122.41715288699999,37.766755024000076
-122.40025915399997,37.80191273500003
-122.43330499299998,37.79892599600004
-122.38850102099997,37.788016654000046
-122.42299526499994,37.792213908000065
-122.40813079399999,37.786955601000045
-122.43859598499995,37.72223698800008
-122.38802031499995,37.78770410000004
-122.39444141199999,37.79598780900005
-122.400151301,37.80179509900006
-122.39874758599996,37.798973217000025
-122.40534862699997,37.74599176500004
-122.42556457199998,37.80623536300004
-122.40556649899997,37.80572434000004
-122.40813079399999,37.786955601000045
-122.39444509599997,37.79599231100008
-122.41335911299996,37.80843435400004
-122.41904518799998,37.80787526300003
-122.45430903599998,37.72172301000006
-122.42304797399999,37.73624700400006
-122.43650000699995,37.76187500800006
-122.45495997499995,37.722069015000045
-122.44690597199997,37.79026799300004
-122.50742498899996,37.77361298300008
-122.49353701399997,37.77760398500004
-122.41354201699994,37.79251752500005
-122.421785995,37.76156299200005
-122.42194174599996,37.764847588000066
-122.50399695799996,37.73757700200008
-122.44820600499997,37.77482701800005
-122.43460402,37.76051898400004
-122.41682999999995,37.77863000000008
-122.41682999999995,37.77863000000008
-122.38932154599996,37.78409802300007
-122.42650299399997,37.722458019000044
-122.33350121699999,37.57804589600005
-122.41437488899999,37.78473817500003
-122.42113396599996,37.76097998900008
-122.38850876699996,37.78925818500005
-122.38814204099998,37.76415999900007
-122.38639794899996,37.77051717400008
-122.41827095999997,37.74266498500003
-122.43678759499994,37.76567348400005
-122.38639067099996,37.77044431300004
-122.41896799899996,37.761467019000065
-122.393428616,37.78122752000007
-122.48287196399997,37.77948999700004
-122.48571602699997,37.733054002000074
-122.38827854499999,37.78436862800004
-122.43502001399997,37.76430601100003
-122.38974402899998,37.78376181400006
-122.38640280099997,37.770565748000024
-122.50177097599999,37.77398899600007
-122.38652564499995,37.77064051700006
-122.45116598999999,37.76722098600004
-122.41337782799997,37.808431883000026
-122.49117993899995,37.779870032000076
-122.38890248999996,37.77065209700004
-122.42194174599996,37.764847588000066
-122.42875533699998,37.77034116100003
-122.386400375,37.77054146100005
-122.48326849699998,37.74301552000003
-122.42383897399998,37.802144018000035
-122.40506895899995,37.78337098600008
-122.43016966599998,37.77030879400007
-122.43048389999996,37.79874713500004
-122.41436846399995,37.793171474000076
-122.37169802399995,37.82010268300007
-122.415678018,37.755799008000054
-122.41956971599996,37.78496746500008
-122.43359400099996,37.76436401400008
-122.40269302499996,37.798160979000045
-122.39486153599995,37.79643161400003
-122.41724803199997,37.74056498300007
-122.42094998399995,37.72992202000006
-122.48555098799994,37.77937499700005
-122.42188003999996,37.75710298100006
-122.423435972,37.79235399700008
-122.39878021999999,37.80024404900007
-122.40205596999999,37.80338526600008
-122.42145993899999,37.78568003200007
-122.39788892599995,37.79901698000003
-122.46475699499996,37.71091701800003
-122.39737927199997,37.79865581300004
-122.39662796399995,37.777954013000056
-122.46246404099998,37.714550992000056
-122.42188599099995,37.76213602100006
-122.42402396299997,37.792188999000075
-122.48326849699998,37.74301552000003
-122.40512767899997,37.80491045400004
-122.47039097499999,37.78616999600007
-122.38639794899996,37.77051717400008
-122.39386049499996,37.79531971100005
-122.50111601399999,37.74396598200008
-122.42236099299998,37.79754801100006
-122.42556457199998,37.80623536300004
-122.41297502199996,37.792631019000055
-122.43118504199998,37.788933007000026
-122.44343997099998,37.71670300400007
-122.41368991399997,37.78093005000005
-122.39994996299998,37.782509996000044
-122.39489545599997,37.79646553400005
-122.43442832799997,37.77539640600003
-122.42773798399998,37.794519001000026
-122.50433198299999,37.76360700300006
-122.39965465799997,37.782292736000045
-122.39468027999999,37.79624317300005
-122.39445062199997,37.79599906400006
-122.42427097699999,37.79305300600004
-122.39151002399996,37.78235679800008
-122.42089902199996,37.70918498200007
-122.40559400199999,37.74566499400004
-122.37169729399994,37.820101514000044
-122.48196302999997,37.77482701800005
-122.41688476099995,37.78825467900003
-122.39388328399997,37.79534523900003
-122.45008195899999,37.76051097900006
-122.38960823099995,37.783869881000044
-122.48383102099996,37.755647003000036
-122.393428616,37.78122752000007
-122.40371100699997,37.79849399200003
-122.40901819899995,37.73028711200004
-122.42579698699996,37.80185798500003
-122.41635999999994,37.776740000000075
-122.40515637099998,37.80505055700007
-122.39487058199995,37.79644065900004
-122.41330296999996,37.80844176700003
-122.41335911299996,37.80843435400004
-122.48826898799996,37.78040601300006
-122.43602350399999,37.75928831400006
-122.40073080099995,37.761127765000026
-122.44821596499997,37.76691554900003
-122.39938277099998,37.78249804700005
-122.41979998599999,37.79103502100003
-122.41259408299999,37.74932122200005
-122.38848970599997,37.78923219700005
-122.40655893699994,37.713834002000056
-122.39467701799998,37.79623970500006
-122.42595196799999,37.72750602000008
-122.38827402399994,37.784428383000034
-122.41264423199999,37.784508677000076
-122.39265795899996,37.73655700900008
-122.39416509399996,37.78181962700006
-122.41598102399996,37.79633799900006
-122.40478104099998,37.74316199000003
-122.44294501999997,37.77697798200006
-122.41724803199997,37.74056498300007
-122.41757999999999,37.763540000000035
-122.40515955899997,37.805066124000064
-122.40874199299998,37.78866399000003
-122.42349131299994,37.75991472000004
-122.38800791499995,37.76587613800007
-122.41857295999995,37.79114800900004
-122.41635999999994,37.776740000000075
-122.41670100399995,37.75670006400003
-122.40653950299998,37.74116981700007
-122.41668099699996,37.75938998300006
-122.42138389099995,37.80759230600006
-122.41757999999999,37.763540000000035
-122.41670100399995,37.75670006400003
-122.48242897999995,37.754235993000066
-122.39444509599997,37.79599231100008
-122.40986298899998,37.753520011000035
-122.40343599699997,37.72251698500003
-122.40528224399998,37.80508965900003
-122.41143903799997,37.793764001000056
-122.42185296599996,37.71056598400003
-122.46038901699995,37.72161299700008
-122.43222800199999,37.79159099200007
-122.42556457199998,37.80623536300004
-122.41301399799994,37.74158099600004
-122.38924229199995,37.783208072000036
-122.39287197399995,37.781269586000064
-122.50725098099997,37.776928990000044
-122.41729597699998,37.75503101700008
-122.42997896999998,37.771081020000054
-122.43288086499996,37.77172026200003
-122.410805031,37.758899013000075
-122.41661045699999,37.808046510000054
-122.40599901499996,37.731554018000054
-122.428340978,37.77214698900008
-122.47500202699996,37.759209018000035
-122.50826988499995,37.76922002800006
-122.43040703399998,37.77059700700005
-122.407524019,37.778947981000044
-122.50406830299994,37.76369442600003
-122.47779697299995,37.77591700100004
-122.415600988,37.79175498400008
-122.40893750299995,37.79401946100006
-122.39444141199999,37.79598780900005
-122.42184701499997,37.80282198800006
-122.421785995,37.76156299200005
-122.42139992399996,37.76011003100007
-122.39711426399998,37.78022515200007
-122.44352596899995,37.77666001500006
-122.41757999999999,37.763540000000035
-122.43188903799995,37.76730698400007
-122.38953273899995,37.786181817000056
-122.39354179199995,37.78132105200007
-122.39549140899999,37.77926001600008
-122.43160002999997,37.77220201600005
-122.42235990399996,37.76987004500006
-122.40528543199997,37.80510522600008
-122.40564561699995,37.80571503500005
-122.44313302599994,37.80042698500006
-122.43604917999994,37.75957923000004
-122.42556457199998,37.80623536300004
-122.40378703099998,37.75396798200006
-122.43360003599997,37.71738998500007
-122.40126902299994,37.75836500200006
-122.42302802499995,37.764147007000076
-122.42430390799996,37.76753703700007
-122.45927249599998,37.78558943500008
-122.40584998499997,37.801044983000054
-122.44923203399998,37.72072401300005
-122.40584998499997,37.801044983000054
-122.40529703099998,37.801092005000044
-122.42302802499995,37.764147007000076
-122.40529703099998,37.801092005000044
-122.38923101399996,37.78417006700005
-122.42551996499998,37.72047301600003
-122.48598600899999,37.78701401200004
-122.40742997399997,37.77785200500006
-122.40820898799996,37.797981984000046
-122.42556457199998,37.80623536300004
-122.47977501799994,37.77489901900003
-122.39133998899996,37.77977799900003
-122.40396637099997,37.79924002300004
-122.41927200999999,37.756615993000025
-122.39564007499996,37.77896990900007
-122.39614783799999,37.78098863800005
-122.41573602099999,37.70951099600006
-122.43232397499997,37.78286300000008
-122.41831496499998,37.80065400900003
-122.44912097299999,37.73102600000004
-122.42556457199998,37.80623536300004
-122.42616595799996,37.72955598200008
-122.39547027599997,37.77910908700005
-122.41164740799996,37.776953528000035
-122.43232397499997,37.78286300000008
-122.41939815399996,37.80060240700004
-122.46932999299997,37.75781598800006
-122.33439700799994,37.57742529400008
-122.41243497599999,37.78137399700006
-122.42608700099998,37.78110401600003
-122.39610787799995,37.77858691300003
-122.40818300399997,37.76461999800006
-122.41242298999998,37.78163299800008
-122.41670100399995,37.75670006400003
-122.40995468999995,37.77827434900007
-122.42556457199998,37.80623536300004
-122.42350797299997,37.72968498000006
-122.38931802199994,37.78537602100005
-122.40818300399997,37.76461999800006
-122.42409001199997,37.76660998700004
-122.43585099599994,37.77510898500003
-122.42012897599994,37.75954798200007
-122.39431303899994,37.78000800700005
-122.43823195899995,37.801650994000056
-122.41035802399995,37.77786499700005
-122.38800409199996,37.76583643500004
-122.43476999999996,37.75849000000005
-122.41290796699997,37.77065798500007
-122.37142589799998,37.831137485000056
-122.43010997899995,37.75303700400008
-122.40816196499998,37.75546800700005
-122.41396290099999,37.79878879900008
-122.49091401899994,37.76182581300003
-122.40816297099997,37.78490399400005
-122.42556457199998,37.80623536300004
-122.45517597599996,37.775115020000044
-122.41394296399994,37.79750300000006
-122.42988213099994,37.76969236600007
-122.46410999999995,37.74817000000007
-122.42556457199998,37.80623536300004
-122.41396290099999,37.79878879900008
-122.40944869199996,37.72469860100006
-122.42075988199997,37.78289003200007
-122.41925993999996,37.775170048000064
-122.41925993999996,37.775170048000064
-122.38974994199998,37.74467006200007
-122.43865398799994,37.80347498000003
-122.39591097599998,37.77670498400005
-122.39456322799998,37.796123247000025
-122.46113112199998,37.78128320900004
-122.39865702999998,37.80010577100006
-122.38781196199994,37.766494987000044
-122.42548601799996,37.79601600800004
-122.41749202899996,37.74719599100007
-122.42604802499994,37.80190601400005
-122.39457357499998,37.796133594000025
-122.44376803899996,37.78615101100007
-122.41787097499997,37.759375986000066
-122.39445062199997,37.79599906400006
-122.42855496799996,37.72908399700003
-122.43006091999996,37.79495199000007
-122.43846799399995,37.75765400700004
-122.42134983999995,37.807595710000044
-122.41972203499995,37.75943101300004
-122.41535900299999,37.787706986000046
-122.41900001799996,37.756216008000024
-122.39585206399994,37.77634734000003
-122.421319961,37.76184898200006
-122.39724057399997,37.775258293000036
-122.39591097599998,37.77670498400005
-122.48016896799999,37.77885699500007
-122.38639552299998,37.770492887000046
-122.42116497899997,37.76192701800005
-122.39457874899995,37.79613876700006
-122.43178702999995,37.719634994000046
-122.39468027999999,37.79624317300005
-122.40390459099996,37.76947801800003
-122.43730299299995,37.760078012000065
-122.39739800899997,37.78574599800004
-122.42343686199996,37.80347125600008
-122.42059601599999,37.805473980000045
-122.44298801899998,37.709431996000035
-122.42994863899997,37.76945423900003
-122.38960823099995,37.783869881000044
-122.39385137999994,37.79530949900004
-122.40203664599994,37.803307962000076
-122.41998396899999,37.80527101300004
-122.50459199,37.76076599900006
-122.39449075199997,37.76392261500007
-122.38642706099995,37.770808619000036
-122.38994401499997,37.77622124800007
-122.38642706099995,37.770808619000036
-122.45541402299995,37.76537001000003
-122.42556457199998,37.80623536300004
-122.41378898799996,37.78734601900004
-122.38676779199994,37.77180808600008
-122.42254396999999,37.74568599100007
-122.41099496499999,37.77898498700006
-122.41270393499997,37.792470414000036
-122.41527765399996,37.754112106000036
-122.42861799999997,37.760739009000076
-122.38846243799998,37.781871866000074
-122.44290152899998,37.709765892000064
-122.41199802699998,37.75696501500005
-122.40365662399995,37.722352440000066
-122.38846243799998,37.781871866000074
-122.41228243499995,37.801133943000025
-122.44199995999998,37.79041698100008
-122.41554399099999,37.788906981000025
-122.39480388699997,37.76406345500004
-122.45703298699999,37.77678100800006
-122.42998986199996,37.770197575000054
-122.41558103899996,37.789094987000055
-122.44520301999995,37.801754008000046
-122.39037598599998,37.762538981000034
-122.47523797799994,37.74182499300008
-122.44217002899995,37.72811400100005
-122.42406603999996,37.79312001900007
-122.39384226399994,37.795299288000024
-122.42689702799998,37.76286298300005
-122.43018050899997,37.77016197300003
-122.42999151599997,37.770205426000075
-122.44479065599995,37.80076244000003
-122.43469001799997,37.77127900100004
-122.43565502699994,37.77121299300006
-122.42211699599994,37.79620699000003
-122.39075749699998,37.76282756900008
-122.419453982,37.80255301300008
-122.42266500499994,37.76465000500008
-122.41889920899996,37.79363140400005
-122.48790496099997,37.76086901200006
-122.39075749699998,37.76282756900008
-122.39089801099999,37.76255201400005
-122.38699645199995,37.77132056900007
-122.41590040599999,37.77518843800004
-122.39317828599997,37.78103189400008
-122.41749404099994,37.79612597900007
-122.41834103199994,37.794119016000025
-122.43605709199994,37.76095103200004
-122.47949900199995,37.77882598200006
-122.46053502999996,37.72041099000006
-122.43606478999999,37.761018421000074
-122.39078803999996,37.761956019000024
-122.41733503599994,37.70984899600006
-122.42559095999997,37.75211201900004
-122.43998302299997,37.77877799600003
-122.42161902699996,37.79667201800004
-122.39369102899997,37.778531987000065
-122.40049179199997,37.80065050600007
-122.40515318299998,37.805034990000024
-122.47992497099995,37.777611989000036
-122.46248235799999,37.78663158000006
-122.43189956699996,37.76937174500006
-122.39062954899998,37.76269982400004
-122.38622052799997,37.76745846400007
-122.39205819299997,37.77933445700006
-122.46401402299995,37.786951986000076
-122.39301997299998,37.78042897900008
-122.43581896499995,37.777091247000044
-122.41116897299997,37.709408988000064
-122.43939654899998,37.76070952900005
-122.43379191799994,37.78906151600006
-122.39537324799994,37.779188617000045
-122.43427984499999,37.77728858800003
-122.43509845799997,37.77718795700008
-122.38928913499996,37.766862082000046
-122.40066668299994,37.761131212000066
-122.40389599599996,37.76523401400004
-122.44595403899996,37.804110999000045
-122.42551501999998,37.771686990000035
-122.42267672799994,37.80070369400005
-122.38846243799998,37.781871866000074
-122.43313198999999,37.792395990000045
-122.47762186199998,37.754107686000054
-122.43966199599998,37.79870400100003
-122.41116897299997,37.709408988000064
-122.47698401199995,37.75026301300005
-122.41134801099997,37.75898300000006
-122.37184624199995,37.83115959400004
-122.42227973699994,37.806498472000044
-122.38846243799998,37.781871866000074
-122.44606803299996,37.710301996000055
-122.42326397599999,37.804817007000054
-122.40814065099994,37.80734535900007
-122.389741518,37.76362953700004
-122.40551375399997,37.80573054300004
-122.50149102099999,37.761388983000074
-122.42904999599995,37.790025154000034
-122.38973891799998,37.76360594800008
-122.40917600799997,37.803592998000056
-122.40811502699995,37.78261598600005
-122.38957802899995,37.76355599900006
-122.42513598999994,37.761281988000064
-122.40051318499997,37.800647764000075
-122.42061910599995,37.78995241100006
-122.42361601599998,37.776981000000035
-122.38973371899999,37.76355876900004
-122.43651702199998,37.771555017000026
-122.42312655899997,37.77678558900004
-122.39119531299997,37.78738283800004
-122.41378898799996,37.795832990000065
-122.418688955,37.75551323700006
-122.39757727399996,37.798870855000075
-122.43090500199997,37.79254799600005
-122.42486399699999,37.76127398400007
-122.42491202499997,37.77681600200003
-122.42491202499997,37.77681600200003
-122.39134288999998,37.75992430200006
-122.43417975099999,37.767489615000045
-122.39086297499995,37.75967199300004
-122.41525598899995,37.78221600100005
-122.41727636299998,37.776253172000054
-122.49117993899995,37.779870032000076
-122.42372009299999,37.805414796000036
-122.35385989499997,38.42956033300004
-122.35396682999999,38.42967648200005
-122.45808499999998,37.765208994000034
-122.42834922999998,37.758118524000054
-122.35391336299995,38.42961840800007
-122.44008796399999,37.758367014000044
-122.35693641099999,38.43285483600005
-122.39706988399996,37.798304288000054
-122.35402029799997,38.42973455600003
-122.35428763499999,38.43002492900007
-122.394875104,37.79644518200007
-122.42443400499997,37.74721401200003
-122.42190996299996,37.740865013000075
-122.42562197299998,37.76289898300007
-122.41007396099997,37.75618600100006
-122.45739737299999,37.71830249300007
-122.47803501899995,37.78122199100005
-122.50310696799994,37.75288198000004
-122.49921399299996,37.75199199000008
-122.46666899099995,37.77922500300008
-122.42198196399994,37.73786601000006
-122.44086697799997,37.78732099900003
-122.49131004399999,37.78172003800006
-122.39592203999996,37.73617898500004
-122.38886020499996,37.78181957600003
-122.40464701399998,37.798426979000055
-122.42168617899995,37.76177506300007
-122.38964854799997,37.783670922000056
-122.40026649999999,37.80192053900004
-122.42053298399998,37.80525500300007
-122.42222302699997,37.80384298800004
-122.389603739,37.78370658100005
-122.39875340799995,37.79899941000008
-122.38965349699998,37.783833859000026
-122.48186797999995,37.743613020000055
-122.38953273899995,37.786181817000056
-122.38938376499999,37.78027038600004
-122.42374951,37.77956641500003
-122.41061133199997,37.74639810700006
-122.40272610199997,37.80134910700008
-122.39161304799995,37.79191377400008
-122.45532995199994,37.77086003100004
-122.43355297999994,37.770585778000054
-122.41862010499995,37.80565931700005
-122.40106198999996,37.770380000000046
-122.41890167999998,37.789278996000064
-122.41481501699997,37.78792001200003
-122.38932154599996,37.78409802300007
-122.40528224399998,37.80508965900003
-122.50608103499997,37.75791502000004
-122.39685170299998,37.78042816100003
-122.42797896399998,37.72268898200008
-122.38936644899997,37.78028318400004
-122.39443404499997,37.79597880600005
-122.41349709899998,37.78677988700008
-122.38458601899998,37.74156201100004
-122.41522103699998,37.78957598300008
-122.40590202099997,37.79996027900006
-122.42451895699998,37.709973870000056
-122.38945385899996,37.783214448000024
-122.46617990699997,37.76218002600007
-122.42242892799999,37.76934504400003
-122.40249705199994,37.80420848600005
-122.39455676099999,37.796116780000034
-122.43121303699996,37.71895400600005
-122.38930501399994,37.783944304000045
-122.393467913,37.77821688300003
-122.39934302999995,37.77808401600004
-122.42802296899998,37.72263001500005
-122.44148698699996,37.80034999700007
-122.40899202499998,37.80585301000008
-122.39165494699995,37.77965974500006
-122.39724611899999,37.777852868000025
-122.39943279099998,37.778404789000035
-122.443125985,37.777666011000065
-122.47665064999995,37.78644738500003
-122.50556596699994,37.75842598100007
-122.39199186899998,37.78197752500006
-122.46473201699996,37.71919100400004
-122.39759172899994,37.77757853300005
-122.39709251499994,37.777974794000045
-122.46617990699997,37.76218002600007
-122.42608700099998,37.78110401600003
-122.50607097599999,37.75777801800007
-122.41916662599999,37.789244808000035
-122.41635999999994,37.776740000000075
-122.43607968299995,37.768967918000044
-122.402025993,37.77060601800008
-122.41863029299998,37.80509204700007
-122.40986399499997,37.776905018000036
-122.40308096599995,37.80244187900007
-122.41450597599999,37.796691003000035
-122.40504724499999,37.80386607400004
-122.40974103199994,37.77680799700005
-122.44931294099996,37.77825279900003
-122.43602399799994,37.72348999900004
-122.39046198399996,37.71694800700004
-122.42330596899995,37.73796600600008
-122.41685098099998,37.78176798800007
-122.43944175899998,37.77024312200007
-122.41835502999999,37.80546601800006
-122.42872797099994,37.80054998900005
-122.39443404499997,37.79597880600005
-122.39132101999996,37.792325694000056
-122.38907663499998,37.781751590000056
-122.38822892399997,37.78869758600007
-122.46415995199999,37.764160041000025
-122.39765555999998,37.798958553000034
-122.41266992099997,37.74939003800006
-122.41450798799997,37.75329499900005
-122.38801971799995,37.76478279200006
-122.394452463,37.79600131400008
-122.47550100199999,37.76038399300006
-122.40976600999994,37.784748007000076
-122.39767197699996,37.776302893000036
-122.40057377799997,37.772617516000025
-122.41482920699997,37.80076741700003
-122.38822892399997,37.78869758600007
-122.40549222899995,37.80558763600004
-122.41166836599996,37.79639444700007
-122.41214999099998,37.79710699700007
-122.39502962099999,37.79660219300007
-122.45231095799994,37.72882600200006
-122.39176796899994,37.73324301400004
-122.39132663999999,37.73335911000004
-122.40448890799996,37.79077251100006
-122.40556649899997,37.80572434000004
-122.39132663999999,37.73335911000004
-122.40512448999999,37.804894887000046
-122.40559287199994,37.80572123800005
-122.42556457199998,37.80623536300004
-122.40448890799996,37.79077251100006
-122.44350347599999,37.78273121400008
-122.44267595999997,37.71332501300003
-122.39375095899999,37.78084400900008
-122.47779697299995,37.77591700100004
-122.47884403999996,37.77752397900008
-122.43317200699994,37.785894797000026
-122.40934800499997,37.739286994000054
-122.41799502699996,37.739399982000066
-122.44267595999997,37.71332501300003
-122.42390602899997,37.78797298600006
-122.49072597499998,37.76142900700006
-122.43077938299996,37.79760736700007
-122.43000000799998,37.79749998300008
-122.39314425199996,37.781058304000055
-122.41040697399995,37.752950000000055
-122.41575596999996,37.75261199900007
-122.41293001099996,37.79117998600003
-122.43273245799998,37.79353278100007
-122.39699214799998,37.77684093600004
-122.44933404099999,37.76998802000003
-122.43489596199998,37.78907499600007
-122.45888798599998,37.72229800800005
-122.38968453999996,37.780052253000065
-122.39485022999997,37.79642030700006
-122.38811137699997,37.76575299500007
-122.39763598899998,37.798936629000025
-122.38968453999996,37.780052253000065
-122.45030198399996,37.77780598900006
-122.41335911299996,37.80843435400004
-122.44320502599999,37.78801699100006
-122.45900700899995,37.78918999600006
-122.49091401899994,37.76182581300003
-122.41426441599998,37.80831746500007
-122.39485022999997,37.79642030700006
-122.42373302699997,37.76505300700006
-122.39254700499998,37.77910791800008
-122.39269624299999,37.77898757100007
-122.451304962,37.77012099900003
-122.414294542,37.80831430300003
-122.38811189399996,37.765758368000036
-122.40756701799995,37.78233699400005
-122.41438492099996,37.80830481700008
-122.38711544299997,37.77224359200005
-122.38994401499997,37.77622124800007
-122.50744200399998,37.75377901200005
-122.38968453999996,37.780052253000065
-122.40609197099997,37.791243018000046
-122.41337782799997,37.808431883000026
-122.45542600899995,37.70982301200007
-122.43489596199998,37.78907499600007
-122.42297303999999,37.764631020000024
-122.39486605899998,37.79643613600007
-122.47562103099995,37.76147900500007
-122.48728101299997,37.74289100300007
-122.39468027999999,37.79624317300005
-122.39221698699998,37.792682987000035
-122.43713602499997,37.80118001500006
-122.43962503199998,37.776931002000026
-122.42379290299999,37.74081984500003
-122.42365499099998,37.74081199800003
-122.41373601499998,37.75712699500008
-122.44712398799999,37.77004815400005
-122.42354401499995,37.76954901800008
-122.41330296999996,37.80844176700003
-122.39204942499998,37.78193177500003
-122.36763553399999,37.82614324200006
-122.41507602999997,37.808014996000054
-122.41480669099997,37.80826055000006
-122.39396402699998,37.768678012000066
-122.42760496299996,37.80364999400007
-122.47347802999997,37.76236698400004
-122.40598501699998,37.79164400800005
-122.40785401399995,37.78968398400008
-122.47884403999996,37.74521098800005
-122.43013403499998,37.76005001600004
-122.44072715499999,37.71925620500008
-122.44095297599995,37.71923299800005
-122.43124203899998,37.79505498100008
-122.40398572699996,37.80499109300007
-122.46297500199995,37.71096399900006
-122.48899603399997,37.77505500600006
-122.39659454999997,37.77820331200007
-122.404930993,37.79033701800006
-122.38811706799999,37.76581209700004
-122.43064369899997,37.76269167400005
-122.408292975,37.756799011000055
-122.40742997399997,37.77785200500006
-122.38835417199999,37.783230305000075
-122.44429734599998,37.757467330000054
-122.42074797999999,37.754734004000056
-122.46346802599999,37.77517398700007
-122.38804321899994,37.78731611500007
-122.42792126699999,37.77662795300006
-122.39011605899998,37.772829555000044
-122.48117026699998,37.745101685000066
-122.44107501699995,37.719136019000075
-122.39717301299999,37.79842146300007
-122.43397101899996,37.78339998700005
-122.38805897599997,37.76374999800004
-122.44986101199999,37.761860005000074
-122.38850876699996,37.78925818500005
-122.39455934799997,37.796119367000074
-122.43221302999996,37.789501580000035
-122.36690369699994,37.82505018200004
-122.43606957599997,37.777057608000064
-122.43820786199996,37.79385905500004
-122.39454253499997,37.796102553000026
-122.42488201799995,37.76926700900003
-122.38924229199995,37.783208072000036
-122.38880265099999,37.77119996000005
-122.41121800699995,37.79809698400004
-122.33295431299996,37.578432306000025
-122.38745003099996,37.771660000000054
-122.39384313499994,37.77808102800003
-122.38759698999996,37.77221379900004
-122.39486801499999,37.77993101100003
-122.39902991799994,37.778728347000026
-122.40515318299998,37.805034990000024
-122.41019158699999,37.71099105500008
-122.39420354199996,37.77779755000006
-122.42082400399994,37.78992399900005
-122.45043050199996,37.709507002000066
-122.38880265099999,37.77119996000005
-122.39495134399999,37.77968838400005
-122.39369102899997,37.778531987000065
-122.43506713199997,37.77719216200006
-122.37160777399998,37.820186903000035
-122.38653973199996,37.77078153900004
-122.43541172199997,37.77714590900007
-122.39721875799995,37.77666158900007
-122.39869951499998,37.77898862500007
-122.40895052599996,37.80723896000006
-122.40941598199998,37.80006601800005
-122.42418900199999,37.761361994000026
-122.36667890099994,37.824723963000054
-122.39460700299998,37.72119700300004
-122.43489596199998,37.78907499600007
-122.41028702899996,37.71140698200003
-122.43489596199998,37.78907499600007
-122.41085599299998,37.77757598900007
-122.39411883699995,37.77786320000007
-122.42489780999995,37.77670552400008
-122.40579008499998,37.80555260700004
-122.422009619,37.764975105000076
-122.38880265099999,37.77119996000005
-122.38939242299995,37.78026398700007
-122.39488641099996,37.79645648800005
-122.39796153699996,37.79912917300004
-122.39674690599998,37.77824912900007
-122.43564999799997,37.77883000600008
-122.43489596199998,37.78907499600007
-122.43542997299994,37.75788400700003
-122.38703770899997,37.77210332100003
-122.42082400399994,37.78992399900005
-122.39416118899999,37.777830375000065
-122.47738801999998,37.76337398600003
-122.47415796999996,37.76404600500007
-122.42723498599997,37.802250007000055
-122.38937799299998,37.78027465200006
-122.38939530899995,37.78026185400006
-122.45682000299996,37.70961099200008
-122.43013302899999,37.77192998100003
-122.38938953699994,37.78026612000008
-122.41207799099999,37.71281199900005
-122.40146841999996,37.80326544600007
-122.42213602299995,37.76441501800008
-122.38799099899995,37.76351400500005
-122.41495901799999,37.78315800100006
-122.39801423899996,37.799108240000066
-122.40703602399998,37.778558013000065
-122.37239844399994,37.82544722800003
-122.39751956299995,37.77746906300007
-122.39456840199995,37.79612842000006
-122.43837797199996,37.78763599100006
-122.39778385299996,37.77725927800003
-122.39444509599997,37.79599231100008
-122.43449002599999,37.771841007000035
-122.39152424199995,37.792009165000024
-122.39714202599998,37.73238399400003
-122.42082400399994,37.78992399900005
-122.39760898199995,37.732158018000064
-122.39539750499995,37.77916873500004
-122.39454641499998,37.796106433000034
-122.39767197699996,37.776302893000036
-122.39719967199994,37.78931636100003
-122.39457874899995,37.79613876700006
-122.44380252899998,37.77149574500004
-122.42491001399998,37.76857701000006
-122.39767197699996,37.776302893000036
-122.41670100399995,37.75670006400003
-122.43098394199995,37.74296462700005
-122.39113397599999,37.782485235000024
-122.43200898299995,37.78389301000004
-122.43306190899995,37.78535799300005
-122.37259268099996,37.831751162000046
-122.44343703699997,37.79827597900004
-122.48351996899999,37.78270801900004
-122.48138400799996,37.758319992000054
-122.45860601899994,37.78697998200005
-122.43250100099999,37.73089800900004
-122.41003096199995,37.775652007000076
-122.41495901799999,37.78315800100006
-122.41682999999995,37.77863000000008
-122.43218399699998,37.78572600700005
-122.42053298399998,37.78852799300006
-122.39454512099996,37.796105140000066
-122.40161338699994,37.80342932700006
-122.42306398299996,37.790479007000044
-122.47798799699996,37.78582298600003
-122.39804098499997,37.726889992000054
-122.46453596399999,37.708942996000076
-122.43898398399995,37.786600994000025
-122.38895993499995,37.785575822000055
-122.38939242299995,37.78026398700007
-122.39154834299995,37.79202898500006
-122.39152424199995,37.792009165000024
-122.391512192,37.791999255000064
-122.39699214799998,37.77684093600004
-122.47813495799994,37.763440212000035
-122.47519755999997,37.74320099900007
-122.39162200899995,37.791921143000025
-122.41041895999996,37.777816005000034
-122.38936644899997,37.78028318400004
-122.42189054299996,37.76429814100004
-122.50306002899998,37.739554000000055
-122.39034062599995,37.78328605000007
-122.39149332,37.78220404100006
-122.39121903799997,37.783226984000066
-122.48771796099999,37.74127698400008
-122.41477656399996,37.80826371200004
-122.39028076899996,37.783333807000076
-122.42814299799994,37.79677901300005
-122.42139900199999,37.763536008000074
-122.48593102299998,37.777950995000026
-122.43178501799997,37.72654101100005
-122.41836318999998,37.77941533500007
-122.43526826399994,37.795758360000036
-122.39501196199996,37.796583945000066
-122.39501196199996,37.796583945000066
-122.39727614299994,37.798538638000025
-122.46775000499997,37.77691700400004
-122.38802090299998,37.764794135000045
-122.48417803199999,37.775620994000064
-122.39454641499998,37.796106433000034
-122.438298009,37.774259019000056
-122.39743146699999,37.777538992000075
-122.37189049499995,37.83114273500007
-122.37161409899994,37.82019702400004
-122.47344098199994,37.77799898200004
-122.45066223899994,37.769464421000066
-122.33346807199996,37.57806931500005
-122.41038601999998,37.78393098000004
-122.38803512199996,37.76493025000008
-122.49692598499996,37.736090011000044
-122.33283830299996,37.578514272000064
-122.39130659799997,37.79233585500003
-122.423959003,37.794099989000074
-122.39443404499997,37.79597880600005
-122.46869196299997,37.76268700500003
-122.39455676099999,37.796116780000034
-122.47195000899995,37.76295401100003
-122.39800997199995,37.77762100000007
-122.35448379399998,38.43005147200006
-122.35479200499998,38.43038025000004
-122.388036307,37.76494159300006
-122.43996600699995,37.762415012000076
-122.391512192,37.791999255000064
-122.39063004099995,37.779836002000025
-122.35458558199997,38.430162031000066
-122.38945437599995,37.78382544200008
-122.42556457199998,37.80623536300004
-122.39207886899999,37.77393131700006
-122.39673541999997,37.773012505000054
-122.42580402799996,37.76232499100007
-122.39747652599999,37.77766997800006
-122.47880397499995,37.77867598800003
-122.40040492299994,37.77275136000003
-122.39222012199997,37.77275836100006
-122.39393999999999,37.79532000000006
-122.39027521699995,37.77959156400004
-122.38846243799998,37.781871866000074
-122.43538052099996,37.764020266000045
-122.42077899299994,37.79177799300004
-122.33323605199996,37.578233246000025
-122.38846243799998,37.781871866000074
-122.41042097199994,37.800000011000066
-122.39875922899995,37.799025603000075
-122.39160408799995,37.79190640500008
-122.39902991799994,37.778728347000026
-122.41661045699999,37.808046510000054
-122.39238935199995,37.78148743600008
-122.40275656899996,37.76732922900004
-122.41435479499995,37.80830797900006
-122.50461403399999,37.76006799600003
-122.38811292899999,37.76576911300003
-122.47619099999997,37.78538901300004
-122.42205999899994,37.733625983000024
-122.40777899599999,37.74700601500007
-122.43009497499997,37.794227017000026
-122.44575203499994,37.800763016000076
-122.39162200899995,37.791921143000025
-122.43594403499998,37.76191499000004
-122.38936933499997,37.78028105100003
-122.43643643799999,37.80073080100004
-122.40013574999995,37.78187084900003
-122.39877571099998,37.77892875500004
-122.45621499699996,37.76545600900005
-122.39773980399997,37.77729424200004
-122.39359274799995,37.778118765000045
-122.39931503399998,37.735811983000076
-122.46486595899995,37.78454700800006
-122.39485022999997,37.79642030700006
-122.39485475199996,37.796424830000035
-122.42619303199996,37.74428499800007
-122.38811344699997,37.765774486000055
-122.47711200399999,37.78328498700006
-122.405146807,37.80500385600004
-122.46946603199996,37.70918200600005
-122.38811137699997,37.76575299500007
-122.43489596199998,37.78907499600007
-122.43489596199998,37.78907499600007
-122.39244129699995,37.78161313600003
-122.43489596199998,37.78907499600007
-122.42981401399999,37.77332301100006
-122.38354397999996,37.73739901300007
-122.43489596199998,37.78907499600007
-122.405279055,37.80507409200004
-122.414294542,37.80831430300003
-122.41513808099995,37.80822576800006
-122.42089994399998,37.76497002600007
-122.40409885499997,37.79920402700003
-122.41341525599995,37.80842694000006
-122.47889600799999,37.73804299400007
-122.44367801699997,37.766421981000065
-122.39231561199995,37.78154815200003
-122.40570003299996,37.71106298900003
-122.38847064499998,37.78920620900004
-122.48192103699995,37.781254010000055
-122.41507602999997,37.808014996000054
-122.41709992399996,37.774330055000064
-122.41069899999997,37.76056898200005
-122.46843497399999,37.76055800200004
-122.38846243799998,37.781871866000074
-122.40000658199995,37.79981768300007
-122.39936654499996,37.799708579000026
-122.43041398999998,37.777560986000026
-122.40620550299997,37.801642352000044
-122.41593299499999,37.74769500700006
-122.44486900199996,37.76958300600006
-122.41886900899999,37.79966599200003
-122.39862848399997,37.79897023700005
-122.42350568999996,37.77769895600005
-122.39411883699995,37.77786320000007
-122.41925993999996,37.775170048000064
-122.41925993999996,37.775170048000064
-122.41757999999999,37.763540000000035
-122.39915475099997,37.79973414400007
-122.43655096899994,37.75084798600005
-122.40113499699999,37.73224401600004
-122.367427884,37.82583001300003
-122.38838814199994,37.78278689100006
-122.46325998699996,37.759678991000044
-122.40047039899997,37.80065324900005
-122.39875049699998,37.79898631300006
-122.41925993999996,37.775170048000064
-122.40754799099994,37.781409997000026
-122.41925993999996,37.775170048000064
-122.430124982,37.77140799800003
-122.399510927,37.79983659900006
-122.38846243799998,37.781871866000074
-122.39801423899996,37.799108240000066
-122.46884602199998,37.77676600400008
-122.459319989,37.76371299200008
-122.41469699999999,37.734965998000064
-122.38802447699999,37.787779201000035
-122.43759996399996,37.77676898000004
-122.23006825399995,38.11090500200004
-122.39936654499996,37.799708579000026
-122.39356878999996,37.77813849700004
-122.42038697099997,37.798264999000025
-122.40375942599997,37.80503224900008
-122.38852782799995,37.789284174000045
-122.40899202499998,37.78488500900005
-122.42888102399996,37.73658001700005
-122.41925993999996,37.775170048000064
-122.39826152999996,37.77688063000005
-122.39331095099999,37.778338216000066
-122.39801955599995,37.79895450500004
-122.23020610499998,38.11080891000006
-122.44468602499995,37.79668698000006
-122.45560596799999,37.71773301400003
-122.43590103599996,37.77112900600008
-122.42748602399996,37.78907202100004
-122.43489596199998,37.78907499600007
-122.47822595899999,37.74383899700007
-122.467168647,37.75986792400005
-122.40725403799996,37.79748900200008
-122.39932418699999,37.79971369200007
-122.39929913299994,37.799862165000036
-122.47822595899999,37.74383899700007
-122.38993987599997,37.73722005900004
-122.43489596199998,37.78907499600007
-122.41213398199994,37.736048018000076
-122.40044900499998,37.80065599100004
-122.41363994899996,37.77208798600003
-122.39417994499996,37.783510041000056
-122.43489596199998,37.78907499600007
-122.44316697199997,37.77786998400006
-122.40906811999997,37.78059910500008
-122.43480560599994,37.77735867300004
-122.40192422599995,37.803336064000064
-122.40358985299997,37.805091719000075
-122.42269299999998,37.73711700400003
-122.47790312599994,37.72601206400003
-122.39665426099998,37.77307644700005
-122.40515955899997,37.805066124000064
-122.42079600799997,37.79290200600008
-122.40372709699994,37.805038128000035
-122.43730198699996,37.75893501400003
-122.39456452199994,37.79612454000005
-122.40368297499998,37.80505328000004
-122.38939819499996,37.78025972100005
-122.40203020499996,37.803282194000076
-122.43759602399996,37.779342014000065
-122.41925993999996,37.775170048000064
-122.41862995699995,37.77311002700003
-122.39795804899995,37.798981850000075
-122.44267101499997,37.77556399700006
-122.43768202299998,37.77922500300008
-122.42589597699998,37.78857799100007
-122.39495134399999,37.77968838400005
-122.43704184599994,37.800653528000055
-122.41690998999997,37.787448991000076
-122.39950993699995,37.77097993000007
-122.38993987599997,37.73722005900004
-122.42262200599998,37.72411901900006
-122.39456710799999,37.796127127000034
-122.38936614399995,37.786388260000024
-122.48683802899995,37.74404200600003
-122.42576839999998,37.762975475000076
-122.40404401999996,37.716638002000025
-122.40951597799994,37.710665980000044
-122.389381604,37.78637627000006
-122.39009965799994,37.781602932000055
-122.42322902299998,37.74656500100008
-122.39597617299995,37.77747946200003
-122.39729932199998,37.77764388400004
-122.41543358399997,37.79822754000003
-122.42734019499994,37.773172223000074
-122.41569946799996,37.796669516000065
-122.43222800199999,37.79159099200007
-122.38803566399997,37.78738589100004
-122.41482096799996,37.76279798100006
-122.38949889999998,37.78342044900006
-122.44051401599995,37.76040398400005
-122.39331095099999,37.778338216000066
-122.43809097599996,37.800835980000045
-122.42487397199994,37.763408980000065
-122.41282397999998,37.80494001100004
-122.33766749299997,37.575253426000074
-122.42455363099998,37.77580218800006
-122.41692398799995,37.787517010000045
-122.41997500099995,37.75792398900006
-122.42981401399999,37.77332301100006
-122.38944757899998,37.78337797300003
-122.43123801499996,37.77474001400003
-122.43162701999995,37.75084199300005
-122.38991714499997,37.78837952600003
-122.38900621199997,37.77213146100007
-122.45760697999998,37.721703019000074
-122.39627701299997,37.732503017000056
-122.42051102299996,37.79678198900007
-122.45255101599997,37.77371298000003
-122.43954397899995,37.77444601900004
-122.42057992299999,37.781940027000076
-122.41151719899995,37.777055129000075
-122.39670299799997,37.77690316200005
-122.39334810199995,37.77830902900007
-122.39878400299995,37.74419571100003
-122.42366597199998,37.76371999100007
-122.39334810199995,37.77830902900007
-122.43971597499996,37.800548020000065
-122.42367996899998,37.76386198000006
-122.42394098199998,37.766084987000056
-122.40056603299996,37.734595015000025
-122.44198998599995,37.80254702000008
-122.39443036099999,37.795974304000026
-122.38843761799995,37.782176064000055
-122.43736401299998,37.80281201400004
-122.41388001599995,37.788984011000025
-122.42051102299996,37.79678198900007
-122.42098602599998,37.786943981000036
-122.39075995599995,37.779202920000046
-122.44410901399999,37.80105801700006
-122.39075995599995,37.779202920000046
-122.40887995899999,37.75344998000003
-122.40002088199998,37.799882754000066
-122.42029896099996,37.79840900000005
-122.41869994599995,37.77560003900004
-122.422925825,37.76010258000008
-122.39699098399996,37.77788863400008
-122.43153196899999,37.76785101200005
-122.33336863399995,37.578139571000065
-122.38987513299998,37.78841210600007
-122.41809502399997,37.80359400300006
-122.41680597099997,37.79367498500005
-122.41700596299995,37.78784000700006
-122.42218930399997,37.760275732000025
-122.41413499299995,37.784980982000036
-122.41809502399997,37.80359400300006
-122.39291013399998,37.77865174300007
-122.42358701399996,37.762071983000055
-122.47944099899996,37.753631993000056
-122.41079798999999,37.782593019000046
-122.41339654199999,37.80842941100008
-122.39934149099997,37.79985705200005
-122.409041635,37.775869998000076
-122.39868152499997,37.77148036900007
-122.43608803599994,37.71916799600007
-122.40057203699996,37.770163972000034
-122.42386654499995,37.76308990200005
-122.42314552699997,37.77042338800004
-122.42821094699997,37.759423232000074
-122.41426441599998,37.80831746500007
-122.40162899999996,37.77039906300007
-122.39725527399997,37.77767884900004
-122.38924610299995,37.78415806000004
-122.38952291799995,37.78147085900008
-122.42670399199994,37.75156300400005
-122.43325998199998,37.77897098900007
-122.43982401799997,37.78646101600003
-122.38977420699996,37.78373779900005
-122.36818497899998,37.81744551200006
-122.41705076099998,37.79788739300005
-122.41998326699996,37.77590501800006
-122.42556457199998,37.80623536300004
-122.42965511599999,37.75210233000007
-122.42597768599995,37.770061973000054
-122.409041635,37.775869998000076
-122.45581098899999,37.74879299500003
-122.39963103199995,37.775227003000055
-122.42365297999999,37.76358298900004
-122.39885989199996,37.793933225000046
-122.40581695999998,37.756327990000045
-122.39876213999997,37.79903870000004
-122.41925993999996,37.775170048000064
-122.38948885099995,37.78324340800003
-122.38935583699998,37.78639625300008
-122.40418673199997,37.72623073700004
-122.39812835199996,37.779440177000026
-122.38925939899997,37.783222230000035
-122.42360402899999,37.74983201500004
-122.41738700399998,37.79215199300006
-122.46121396399997,37.726024980000034
-122.37244487399994,37.825514465000026
-122.38819121299997,37.78857189900003
-122.39435797699997,37.77807601200004
-122.38811956199999,37.788266933000045
-122.42783596899994,37.77081300900005
-122.44342798499997,37.75820599800005
-122.39485927499999,37.796429352000075
-122.42227298299997,37.794306980000044
-122.41682611399995,37.778558419000035
-122.39805030999997,37.798940833000074
-122.39874467499999,37.79896012000006
-122.44356002299997,37.77024016000007
-122.42556457199998,37.80623536300004
-122.39480800099994,37.77775498500006
-122.38926119099995,37.78414605200004
-122.39714001399994,37.77815400500003
-122.42556457199998,37.80623536300004
-122.40415298499994,37.72592800100006
-122.39862848399997,37.79897023700005
-122.44953302799996,37.728914012000075
-122.43065798799995,37.74249399400003
-122.40784701499996,37.802317747000075
-122.43211903699995,37.74200801200004
-122.42821094699997,37.759423232000074
-122.42556457199998,37.80623536300004
-122.41836318999998,37.77941533500007
-122.41431299199996,37.75249775800006
-122.40058042899994,37.77015778600003
-122.39744536699999,37.77648224100005
-122.40817809499998,37.80734103800006
-122.39207567999995,37.77932065300007
-122.43212096499997,37.787911001000055
-122.47547401199995,37.78209702000004
-122.46617990699997,37.76218002600007
-122.39676553899994,37.77702028400006
-122.44602976099998,37.79017377400004
-122.40899152499998,37.80744384700006
-122.42301228699995,37.737293323000074
-122.41768296899994,37.78548398000004
-122.40061399599995,37.770133040000076
-122.39209316699998,37.77930685000007
-122.39452313799995,37.774754131000066
-122.41592603799995,37.80322201400003
-122.39721875799995,37.77666158900007
-122.42556457199998,37.80623536300004
-122.43520099399996,37.71859182500003
-122.42988802599996,37.76899300400004
-122.39495134399999,37.77968838400005
-122.48702201199995,37.78407900500008
-122.41527996099995,37.80331999900005
-122.41517988099997,37.75245006100005
-122.38904996899998,37.78116000700004
-122.48688798499995,37.784697003000076
-122.448706991,37.77343101200006
-122.44274104699997,37.75432644600005
-122.42559232599996,37.75829689100004
-122.45646232799999,37.77101075000007
-122.39637090599996,37.77854764400007
-122.45099801699996,37.76504801900006
-122.40330316999996,37.80419075400005
-122.46631988399997,37.76404005400008
-122.39269624299999,37.77898757100007
-122.33290459499995,37.57846743500005
-122.39100202999998,37.77980599400007
-122.40262412999999,37.80404786500003
-122.42384702099997,37.75937699100007
-122.37183148999998,37.83116521300008
-122.42386302999995,37.745319995000045
-122.40943701999998,37.73299700500007
-122.38994401499997,37.77622124800007
-122.42010701599997,37.79263801800005
-122.42697003399996,37.79410501800004
-122.39109478999995,37.78010588500007
-122.39486831999994,37.79643839800008
-122.41294995999999,37.76525999800003
-122.43151403099995,37.78079099400003
-122.41840297499999,37.797239012000034
-122.38813818299997,37.788363762000074
-122.39168038599996,37.782058291000055
-122.42114215799995,37.756703680000044
-122.404219034,37.73335801300004
-122.41283797799997,37.71258799300006
-122.38812328599994,37.78828629900005
-122.42716399099999,37.78635301500003
-122.463962977,37.76523200200006
-122.40204952899995,37.80335949800008
-122.45812258699999,37.72007735400007
-122.40205596999999,37.80338526600008
-122.42841214799995,37.730482159000076
-122.40268513999996,37.80418602800006
-122.39676553899994,37.77702028400006
-122.39257970099999,37.77908176600005
-122.50789403999994,37.76123702000007
-122.40398572699996,37.80499109300007
-122.40268513999996,37.80418602800006
-122.39454124099996,37.79610126000006
-122.39153567199997,37.78217121600005
-122.40385641199998,37.80501461100005
-122.37178541499998,37.824575492000065
-122.40279799199999,37.80417255300006
-122.40266633099998,37.80418827400007
-122.457598212,37.77621623500005
-122.39455934799997,37.796119367000074
-122.474997713,37.727733225000065
-122.47274191499997,37.72116649800006
-122.40398572699996,37.80499109300007
-122.40362008199997,37.80508092200006
-122.46103199299995,37.71901900800003
-122.47878201399999,37.78254297900003
-122.40362008199997,37.80508092200006
-122.40514043099995,37.80497272200006
-122.36667890099994,37.824723963000054
-122.42403997199995,37.74651701500005
-122.39769575599996,37.77732920600005
-122.46103199299995,37.71901900800003
-122.39830400899996,37.779050995000034
-122.39100202999998,37.77980599400007
-122.43179396799997,37.77773435800003
-122.41937602999997,37.74279100700005
-122.39315843799994,37.778457606000075
-122.43294510399994,37.77744942700008
-122.42386455899998,37.76306276300005
-122.41394296399994,37.78405398500007
-122.486501998,37.77746199500007
-122.39133998899996,37.77977799900003
-122.40204630799997,37.80334661400008
-122.393467913,37.77821688300003
-122.483277983,37.77933401000007
-122.40329574499998,37.80415362900004
-122.39291013399998,37.77865174300007
-122.43279862599996,37.77666267300003
-122.48080398099995,37.780736009000066
-122.41311936299996,37.80382473700007
-122.39472517899998,37.77948872300004
-122.40458827399999,37.78102161400005
-122.47972296699999,37.78241699900008
-122.39486605899998,37.79643613600007
-122.39716298099995,37.76234598700006
-122.43810203999999,37.80044701800006
-122.39053499099998,37.78086999300007
-122.39040851799996,37.780791898000075
-122.41349011399996,37.808417055000064
-122.40736300199995,37.78679599900005
-122.40752200699995,37.786333988000024
-122.42400200199995,37.77269198000005
-122.41345268499998,37.80842199800003
-122.421078981,37.79392401100006
-122.44444202699998,37.71689700300004
-122.41435479499995,37.80830797900006
-122.41343397099996,37.808424469000045
-122.48468102999999,37.78601501500003
-122.40673997599998,37.77839301500006
-122.42354401499995,37.76954901800008
-122.43286200899996,37.772086010000066
-122.40003160699996,37.799931557000036
-122.40527586699994,37.80505852500005
-122.44213901599994,37.79978099200008
-122.39209316699998,37.77930685000007
-122.46508598399998,37.72014700200003
-122.39826152999996,37.77688063000005
-122.40910454499999,37.79981161100005
-122.42207097899995,37.76373600000005
-122.38995113299995,37.776365945000066
-122.41664080599998,37.808042414000056
-122.39668264699998,37.77813338300007
-122.39966305699994,37.79967278700008
-122.39756361199994,37.77743409900006
-122.39495134399999,37.77968838400005
-122.41661045699999,37.808046510000054
-122.39915475099997,37.79973414400007
-122.39911239299994,37.799739257000056
-122.42568098099997,37.75275600000003
-122.42108351199994,37.768146123000065
-122.46753696099995,37.78219221100005
-122.41874596199995,37.768231005000075
-122.39765170799996,37.777364171000045
-122.39403800099996,37.778936946000044
-122.41349011399996,37.808417055000064
-122.39445688899997,37.78006445200003
-122.40204630799997,37.80334661400008
-122.388006959,37.76586621200005
-122.39295505899997,37.78103935900003
-122.39451764299997,37.77932267700004
-122.44229500299997,37.75461401700005
-122.43451098099996,37.726449020000075
-122.42384279699996,37.78912963800008
-122.439841033,37.80092101400004
-122.40514059299994,37.80467703200003
-122.39457357499998,37.796133594000025
-122.45401801699995,37.78753000200004
-122.48053601099997,37.77696499000007
-122.41670100399995,37.75670006400003
-122.46249103099996,37.71756198200006
-122.40514059299994,37.80467703200003
-122.39332518699996,37.780754251000076
-122.39881203599998,37.774467979000065
-122.38904996899998,37.78116000700004
-122.38937510699998,37.78027678500007
-122.41334039899999,37.80843682500006
-122.41510795499994,37.80822893000004
-122.38936644899997,37.78028318400004
-122.39409403099995,37.73471500200003
-122.44108297999998,37.771506988000056
-122.39361670699998,37.778099033000046
-122.41352754199994,37.80841211300003
-122.41498744899997,37.808241578000036
-122.49878198999994,37.777164983000034
-122.43352987899999,37.787490062000074
-122.48665102899997,37.781176980000055
-122.44487403099998,37.71206797900004
-122.39393999999999,37.79532000000006
-122.43084398199994,37.79744499700007
-122.46906101799999,37.70876299500003
-122.41680597099997,37.79367498500005
-122.43084398199994,37.79744499700007
-122.38867348499997,37.78170871000003
-122.39254698299999,37.78182301600003
-122.48756700299998,37.785390018000044
-122.43086602699998,37.77188300100005
-122.42330001799996,37.738033984000026
-122.43065999899994,37.771850018000066
-122.41917997699994,37.776719987000035
-122.43586700499998,37.79159899700005
-122.43013302899999,37.77192998100003
-122.43586700499998,37.79159899700005
-122.42761054799996,37.765575754000054
-122.371707518,37.82011787300007
-122.39501784799995,37.796590028000026
-122.41927200999999,37.756615993000025
-122.47444496599996,37.77627000500007
-122.43128039099997,37.79754475800007
-122.39833545699997,37.77682220400004
-122.39132101999996,37.792325694000056
-122.39487058199995,37.79644065900004
-122.42148219299997,37.79429549500003
-122.41800994699997,37.78564005100003
-122.39800409399999,37.77708445700006
-122.43592057999996,37.79056257900004
-122.42215999499996,37.764664003000064
-122.45416696299998,37.71717700100004
-122.418516969,37.756750983000074
-122.44397398199999,37.80396301700006
-122.49905800599998,37.77468301700003
-122.43991403999996,37.78881302000008
-122.42944696999996,37.77252098900004
-122.40611996599995,37.797218015000055
-122.42771037099999,37.77620184500006
-122.39443036099999,37.795974304000026
-122.38936644899997,37.78028318400004
-122.41456800299994,37.784058008000045
-122.48113507399995,37.78038724600003
-122.39591097599998,37.77670498400005
-122.41957602199994,37.76112202000007
-122.43084398199994,37.77227598600007
-122.41410004099998,37.78435598500005
-122.41456900799994,37.78427799100007
-122.39028960699994,37.780718630000024
-122.42978601799996,37.772476984000036
-122.42192183399999,37.76463391400006
-122.40896965899998,37.80733457400004
-122.40895325899999,37.80725261900005
-122.48113507399995,37.78038724600003
-122.42129498299994,37.741654002000075
-122.39753597499998,37.77776198400005
-122.40817809499998,37.80734103800006
-122.39549140899999,37.77926001600008
-122.23004261999995,38.111135373000025
-122.46958976399998,37.77997014600004
-122.39733003199996,37.778158992000044
-122.39926396099997,37.78761216600003
-122.41475439199996,37.772458793000055
-122.50183138199998,37.764060216000075
-122.41670100399995,37.75670006400003
-122.39065352199998,37.782048186000054
-122.39454253499997,37.796102553000026
-122.44336302499994,37.712561003000076
-122.48113507399995,37.78038724600003
-122.39454770799995,37.79610772700005
-122.43967498799998,37.79433501800003
-122.39050776899995,37.781931014000065
-122.47859995899995,37.76508900700003
-122.39352800099999,37.78102099300003
-122.41714501899997,37.78892001500003
-122.39273583499994,37.78137522700007
-122.39047060399997,37.78404842700007
-122.48119566799994,37.77465900400006
-122.40469495899998,37.79557499500004
-122.40512767899997,37.80491045400004
-122.43762896499999,37.79004700400003
-122.39887877199999,37.800354671000036
-122.39229996799997,37.791819986000064
-122.43108001699994,37.80176599400005
-122.39791599699998,37.777154385000074
-122.46958976399998,37.77997014600004
-122.39873885399999,37.798933927000064
-122.46006497299999,37.72335299700006
-122.41826098499996,37.765294992000065
-122.43584898399996,37.76017201500008
-122.39016601899999,37.78010401300003
-122.42500196299994,37.79768199600005
-122.39016601899999,37.78010401300003
-122.42092902899998,37.76873798500003
-122.42043600499994,37.76547398800005
-122.40515637099998,37.80505055700007
-122.39729932199998,37.77764388400004
-122.36723455499998,37.82553838500007
-122.38994401499997,37.77622124800007
-122.421785995,37.76156299200005
-122.39800409399999,37.77708445700006
-122.33317972499998,37.578434850000065
-122.38824209199998,37.771242262000044
-122.38846243799998,37.781871866000074
-122.38811810299995,37.765822842000034
-122.39455417499994,37.79611419300005
-122.39486831999994,37.79643839800008
-122.41642488699995,37.78650376100006
-122.38957805399997,37.78389389600005
-122.39487736599995,37.796447443000034
-122.40652003399998,37.79316201200004
-122.464635053,37.75282144400006
-122.47726172699998,37.77985306000005
-122.44969303799996,37.70860202000006
-122.47726172699998,37.77985306000005
-122.394452463,37.79600131400008
-122.42461597699997,37.76742500100005
-122.39129217499999,37.79234601600007
-122.42827308099999,37.71191782000005
-122.42995801499995,37.80178099800003
-122.39456710799999,37.796127127000034
-122.48113507399995,37.78038724600003
-122.40732705299996,37.793316970000035
-122.38871384199996,37.781701026000064
-122.47471997599996,37.76457201100004
-122.39162200899995,37.791921143000025
-122.39443772899995,37.79598330700003
-122.39564007499996,37.77896990900007
-122.42827308099999,37.71191782000005
-122.38846243799998,37.781871866000074
-122.43820786199996,37.79385905500004
-122.47962196499998,37.776274992000026
-122.39875631799998,37.799012506000054
-122.42951882299997,37.79303820500007
-122.41931702099998,37.755993008000075
-122.38936933499997,37.78028105100003
-122.46626196499994,37.76562201200005
-122.41129290699996,37.77814554300005
-122.39442503199996,37.77967498500004
-122.42717295999995,37.75678199600003
-122.39542176199996,37.77914885200005
-122.39477397099995,37.77901201900005
-122.41931702099998,37.755993008000075
-122.37161084699994,37.82019181900006
-122.38846243799998,37.781871866000074
-122.46573097199996,37.77877502000007
-122.40207844999998,37.77003835100004
-122.41931702099998,37.755993008000075
-122.38938087899999,37.78027251900005
-122.40114203799999,37.75676401700008
-122.42717295999995,37.75678199600003
-122.45035797499997,37.764659979000044
-122.47701502499996,37.74191899600004
-122.38937799299998,37.78027465200006
-122.39700799899998,37.728356993000034
-122.43532796499994,37.76050201000004
-122.38988416599994,37.78120056000006
-122.41158991199995,37.77623002300004
-122.45279903599999,37.76435001600004
-122.39935221599995,37.77846950000003
-122.41992202699998,37.73464501300003
-122.38805897599997,37.76374999800004
-122.39455934799997,37.796119367000074
-122.33298084999996,37.57857536300003
-122.43538797899998,37.76205601500004
-122.43915597999995,37.79972101900006
-122.38832826999999,37.783711322000045
-122.45762496999998,37.76350712000004
-122.45472989199999,37.712290058000065
-122.44681839599997,37.75855239100008
-122.39955365299994,37.77830772100003
-122.38931994999996,37.78393241800006
-122.43084398199994,37.77227598600007
-122.42556457199998,37.80623536300004
-122.41872601299997,37.790608005000024
-122.42844801499996,37.797736017000034
-122.388323749,37.78377107700004
-122.38833966899995,37.78353526800004
-122.40592701499997,37.71418902000005
-122.41635999999994,37.776740000000075
-122.33316315199994,37.57844655900004
-122.39934302999995,37.77808401600004
-122.33356089999995,37.57816553300006
-122.42556457199998,37.80623536300004
-122.41133205399996,37.75595220800005
-122.39711426399998,37.78022515200007
-122.41643498799999,37.74579902100004
-122.38811189399996,37.765758368000036
-122.40546740799999,37.80559055500004
-122.42005898699995,37.79729299100006
-122.39685170299998,37.78042816100003
-122.45898265399995,37.713055645000054
-122.40524717499994,37.804918421000025
-122.41584756299994,37.75890663000007
-122.41970895899999,37.79646201000003
-122.39158413999996,37.78229935500008
-122.42005898699995,37.79729299100006
-122.40205274899995,37.80337238200008
-122.40551704999996,37.805584717000045
-122.39787194899998,37.77718935000007
-122.42387702799999,37.769534014000044
-122.38995113299995,37.776365945000066
-122.46575502799999,37.76431200500008
-122.46648659899995,37.765760482000076
-122.48665396199999,37.74139001400005
-122.38588452199997,37.71931339900004
-122.41757999999999,37.763540000000035
-122.49043596099995,37.74344198800003
-122.46958976399998,37.77997014600004
-122.38995113299995,37.776365945000066
-122.46958976399998,37.77997014600004
-122.46575502799999,37.76431200500008
-122.38995113299995,37.776365945000066
-122.44414002699995,37.78733902000005
-122.25260263999996,37.74700274200006
-122.38627991799996,37.718870061000075
-122.435782013,37.717225993000056
-122.41085398099995,37.79384400600003
-122.40682150899994,37.777630731000045
-122.41757999999999,37.763540000000035
-122.39455934799997,37.796119367000074
-122.39008662399999,37.77191630100003
-122.43730063699996,37.78961185600008
-122.39132101999996,37.792325694000056
-122.42588359599995,37.78121483100006
-122.43299407999996,37.729671920000044
-122.38886020499996,37.78181957600003
-122.38814190799997,37.78838312800008
-122.41635999999994,37.776740000000075
-122.43695899999994,37.726499982000064
-122.43982401799997,37.78646101600003
-122.42426997199999,37.79329298000005
-122.40726803499996,37.777533996000045
-122.42104000499995,37.71114999300005
-122.41635999999994,37.776740000000075
-122.40554187199996,37.80558179800005
-122.44662995599998,37.720730048000064
-122.42775499899994,37.73100001600005
-122.40564561699995,37.80571503500005
-122.42143001499994,37.71231000700004
-122.42094000899999,37.71111998600003
-122.38791338799996,37.76366689500003
-122.43368480899994,37.771758060000025
-122.386452024,37.76905625400008
-122.39874176399996,37.79894702400003
-122.39002683199999,37.771920572000056
-122.39454253499997,37.796102553000026
-122.41757999999999,37.763540000000035
-122.38641822599999,37.76905786300006
-122.40549222899995,37.80558763600004
-122.42556457199998,37.80623536300004
-122.41763350699995,37.788148603000025
-122.41775733199995,37.78813293800005
-122.42556457199998,37.80623536300004
-122.38639794899996,37.77051717400008
-122.41635999999994,37.776740000000075
-122.43611502599998,37.722018011000046
-122.46958976399998,37.77997014600004
-122.41179996299996,37.78145500800008
-122.41635999999994,37.776740000000075
-122.42148219299997,37.79429549500003
-122.43638155499997,37.72128654200003
-122.39927002299999,37.77413400300003
-122.40457199599996,37.72936701200007
-122.41991004099998,37.74514699200006
-122.41670100399995,37.75670006400003
-122.38708015699996,37.772296046000065
-122.47937503399999,37.77709901700007
-122.41670100399995,37.75670006400003
-122.42177199699995,37.76701701200005
-122.43114397,37.78134202000007
-122.39411883699995,37.77786320000007
-122.42171399399996,37.76640898900007
-122.39874176399996,37.79894702400003
-122.394452463,37.79600131400008
-122.38936067599997,37.78028745000006
-122.39873885399999,37.798933927000064
-122.38703532899996,37.772191537000026
-122.46654803999996,37.76427801600005
-122.50824599599997,37.77377500600005
-122.41037990099994,37.778790024000045
-122.394452463,37.79600131400008
-122.43287500099996,37.728991000000065
-122.39770897799997,37.77761999400008
-122.39501490499998,37.79658698600008
-122.39005889199996,37.78089844200008
-122.41869198299997,37.74693699000005
-122.48113507399995,37.78038724600003
-122.43253402499994,37.76402098500006
-122.39820300699995,37.757476018000034
-122.48683199399994,37.743959989000075
-122.38787179199994,37.76316255100005
-122.45188700099999,37.71483099000005
-122.45645396499998,37.72124800700004
-122.42125198399998,37.771295010000074
-122.38959706899999,37.72593421200003
-122.46635701599996,37.76047699000003
-122.42095400699998,37.76103698500003
-122.44700403999997,37.77116601300003
-122.44119797899998,37.71904000400008
-122.23006613999996,38.110919799000044
-122.39767197699996,37.776302893000036
-122.38927889899998,37.78306964500007
-122.42539398499997,37.77301200100004
-122.386400375,37.77054146100005
-122.49330097899997,37.77506498100007
-122.46323601499995,37.777447997000024
-122.39455805499995,37.79611807400005
-122.39023292399997,37.77282220200004
-122.43224300599996,37.76287501100006
-122.39796004599998,37.777119421000066
-122.39457357499998,37.796133594000025
-122.43334899799999,37.75857400500007
-122.38846243799998,37.781871866000074
-122.38846243799998,37.781871866000074
-122.41670100399995,37.75670006400003
-122.39455934799997,37.796119367000074
-122.41913002099994,37.80520999200007
-122.41329234799997,37.785688649000065
-122.42510598299998,37.74759798700006
-122.45860601899994,37.78697998200005
-122.41725498899996,37.77582400400007
-122.38944198999997,37.76321200500007
-122.39123999299994,37.78208101100006
-122.39877571099998,37.77892875500004
-122.40598501699998,37.79164400800005
-122.41179996299996,37.78145500800008
-122.41536797099997,37.751213982000024
-122.44807097199998,37.73182299300004
-122.39422523899998,37.780237474000046
-122.41716396199996,37.80294901600007
-122.38846243799998,37.781871866000074
-122.42794996199996,37.78139499400004
-122.42843200599998,37.798273004000066
-122.42123931599997,37.785637370000074
-122.42180803899998,37.79749700700006
-122.39040851799996,37.780791898000075
-122.39455676099999,37.796116780000034
-122.44930101699998,37.76562301800004
-122.41295398299997,37.74477898500004
-122.42701496099994,37.80364701900004
-122.40546100799997,37.805736746000036
-122.40546740799999,37.80559055500004
-122.40780699199996,37.80502500400007
-122.40483401499995,37.79547998600003
-122.43242397099999,37.72391701500004
-122.42131076099997,37.75844670400005
-122.44958398999995,37.723826993000046
-122.38936067599997,37.78028745000006
-122.39129217499999,37.79234601600007
-122.44483597699997,37.749802008000074
-122.38935201799995,37.78029384900003
-122.39129217499999,37.79234601600007
-122.39443404499997,37.79597880600005
-122.49905800599998,37.77468301700003
-122.43151403099995,37.78079099400003
-122.41840297499999,37.797239012000034
-122.33319629699997,37.57842314000004
-122.40811502699995,37.78261598600005
-122.33924688699994,37.574151862000065
-122.42494736599997,37.761438318000046
-122.48472339499995,37.72398970000006
-122.48113507399995,37.78038724600003
-122.40546740799999,37.80559055500004
-122.42491202499997,37.77681600200003
-122.42429603899996,37.793176010000025
-122.484509033,37.743013002000055
-122.35428021699994,38.429830355000036
-122.38785081399999,37.764259984000034
-122.45060901299996,37.760653010000055
-122.44337903399997,37.77211899300005
-122.38652564499995,37.77064051700006
-122.41900001799996,37.756216008000024
-122.39757727399996,37.798870855000075
-122.42017119599996,37.78838734300007
-122.47942746799998,37.78015652800008
-122.38943633099996,37.766997152000044
-122.39059299299998,37.717243008000025
-122.38846243799998,37.781871866000074
-122.38945598799995,37.76335998800005
-122.38958800299997,37.76342800700007
-122.48666301499998,37.74152701600008
-122.39487284299997,37.79644292000006
-122.42020298799997,37.789322011000024
-122.42719399899994,37.75295800400005
-122.42015495999999,37.74101400200004
-122.39180371999998,37.78196025700004
-122.45957062899998,37.77423240200005
-122.38980815099995,37.78136858700003
-122.43217997399995,37.800050009000074
-122.43985796499999,37.786628989000064
-122.48726097999997,37.78073701400007
-122.42950002799995,37.80229099500008
-122.391867435,37.779487732000064
-122.38675278,37.77133443400004
-122.39739606799998,37.77513506300005
-122.45658698599999,37.78556499100006
-122.42150503299996,37.764010005000046
-122.50569596999998,37.775151985000036
-122.37168853099996,37.82008749200003
-122.37168853099996,37.82008749200003
-122.43562501999997,37.72266501000007
-122.42660097899994,37.73063200900003
-122.45399697799996,37.764561995000065
-122.42387401099995,37.800207002000036
-122.40790103699999,37.77822600600007
-122.38683820399996,37.770765890000064
-122.45441553399996,37.76561432900007
-122.45441553399996,37.76561432900007
-122.39162200899995,37.791921143000025
-122.39769575599996,37.77732920600005
-122.38641822599999,37.76905786300006
-122.39588094799996,37.77894072500004
-122.38803512199996,37.76493025000008
-122.39311021699996,37.78108471400003
-122.48829295999997,37.78061099200005
-122.39957535799999,37.78235261800006
-122.42769196699999,37.79645299900005
-122.39070100699996,37.779249598000035
-122.50286498199995,37.758972020000044
-122.39815063999998,37.776968269000065
-122.38802229699996,37.787521980000065
-122.40158996699995,37.73139099000008
-122.40730979099999,37.79963667800007
-122.39498841799997,37.796559614000046
-122.42543798999998,37.80056801100005
-122.43631300599998,37.77107599100003
-122.41821102899996,37.73806801400008
-122.40549932699997,37.79769274300003
-122.41788396699997,37.796095008000066
-122.38867168099995,37.78814936600003
-122.39997447799999,37.801600663000045
-122.48665999699995,37.78124500000007
-122.44290403199994,37.71764399800003
-122.42092802299999,37.709119980000025
-122.43606629799996,37.75977317300004
-122.38650686299997,37.770452489000036
-122.38717529399997,37.772094809000066
-122.40548738099994,37.80573364500003
-122.41411496099994,37.79862198400008
-122.46624007699995,37.76036460300003
-122.388323749,37.78377107700004
-122.46624007699995,37.76036460300003
-122.41817004199999,37.736170980000054
-122.44409744499995,37.78963643700007
-122.42101100399998,37.76153000900007
-122.40053457899995,37.80064502100004
-122.44825797299995,37.71364298100008
-122.43382500599995,37.78999499400004
-122.39498841799997,37.796559614000046
-122.42261303699996,37.76933699700004
-122.41423288899995,37.78399998500004
-122.50826988499995,37.76922002800006
